dataset,loss,margin,mass_dev,overlap,run_name,sparse,suff
pets,0.2610350251197815,0.00033374130725860596,0.02683936059474945,0.0034514032304286957,contrastive_pets,0.9920914769172668,-0.15739518404006958
