class_id,delta,hypothesis_weight,label,p_full,p_shared_only,p_shared_plus_unique,rank,sample_idx
8,0.0001024007797241211,0.20000000298023224,8,0.1497613787651062,0.14664146304130554,0.14674386382102966,0,0
3,2.0712614059448242e-05,0.20000000298023224,3,0.12674419581890106,0.12560002505779266,0.1256207376718521,1,0
9,4.843622446060181e-05,0.20000000298023224,9,0.1100425273180008,0.10899362713098526,0.10904206335544586,2,0
7,1.5050172805786133e-06,0.20000000298023224,7,0.10204073786735535,0.10253949463367462,0.1025409996509552,3,0
1,-3.281980752944946e-05,0.20000000298023224,1,0.09005461633205414,0.09044535458087921,0.09041253477334976,4,0
