dataset,loss,margin,mass_dev,overlap,run_name,sparse,suff
cifar10,0.108477383852005,-0.0881512388586998,0.03772426396608353,0.21455714106559753,contrastive_ig_cifar10,0.9942431449890137,0.14774596691131592
