dataset,loss,margin,mass_dev,overlap,run_name,sparse,suff
mnist,0.26268497109413147,-0.22787974774837494,0.1700533926486969,0.14508621394634247,contrastive_mnist,0.8299466371536255,0.11891914159059525
