dataset,loss,margin,mass_dev,overlap,run_name,sparse,suff
mnist,0.2022402286529541,-0.13434520363807678,0.03520342707633972,0.4692628085613251,contrastive_ig_mnist,0.9705105423927307,0.1448899209499359
