delta_margin_logit,delta_margin_prob,k_class_id,k_label,k_rank,l_class_id,l_label,l_rank,sample_idx,shared_only_margin_logit,shared_only_margin_prob,shared_plus_unique_margin_logit,shared_plus_unique_margin_prob
0.0006239414215087891,0.00027254223823547363,1,Dog,0,0,Cat,1,0,0.7435773611068726,0.3555552363395691,0.7442013025283813,0.35582777857780457
-0.0008431673049926758,-0.000368267297744751,0,Cat,1,1,Dog,0,0,-0.7435773611068726,-0.3555552363395691,-0.7444205284118652,-0.35592350363731384
0.0012999773025512695,0.0005563795566558838,1,Dog,0,0,Cat,1,1,0.7983059287071228,0.3792240023612976,0.7996059060096741,0.3797803819179535
-0.0008882880210876465,-0.0003801882266998291,0,Cat,1,1,Dog,0,1,-0.7983059287071228,-0.3792240023612976,-0.7991942167282104,-0.37960419058799744
0.0015412569046020508,0.0006638765335083008,1,Dog,0,0,Cat,1,2,0.7810764312744141,0.37182414531707764,0.7826176881790161,0.37248802185058594
8.380413055419922e-05,3.612041473388672e-05,0,Cat,1,1,Dog,0,2,-0.7810764312744141,-0.37182414531707764,-0.7809926271438599,-0.37178802490234375
0.0008413195610046387,0.0003839731216430664,1,Dog,0,0,Cat,1,3,0.6081851720809937,0.2950533926486969,0.6090264916419983,0.29543736577033997
1.1086463928222656e-05,5.036592483520508e-06,0,Cat,1,1,Dog,0,3,-0.6081851720809937,-0.2950533926486969,-0.6081740856170654,-0.2950483560562134
