dataset,loss,margin,mass_dev,overlap,run_name,sparse,suff
pets,0.3380810618400574,2.382323145866394e-06,0.058447957038879395,0.024101614952087402,contrastive_ig_pets,1.0089772939682007,-0.16591833531856537
