class_id,delta,hypothesis_weight,label,p_full,p_shared_only,p_shared_plus_unique,rank,sample_idx
1,0.00013631582260131836,0.5,Dog,0.6847987771034241,0.6777775883674622,0.6779139041900635,0,0
0,-0.00018408894538879395,0.5,Cat,0.3152012526988983,0.32222235202789307,0.3220382630825043,1,0
1,0.00027817487716674805,0.5,Dog,0.6965256333351135,0.6896120309829712,0.6898902058601379,0,1
0,-0.0001901090145111084,0.5,Cat,0.3034743368625641,0.3103880286216736,0.3101979196071625,1,1
1,0.0003319382667541504,0.5,Dog,0.6916048526763916,0.6859120726585388,0.686244010925293,0,2
0,1.806020736694336e-05,0.5,Cat,0.308395117521286,0.3140879273414612,0.3141059875488281,1,2
1,0.0001919865608215332,0.5,Dog,0.656226396560669,0.6475266814231873,0.6477186679840088,0,3
0,2.5331974029541016e-06,0.5,Cat,0.34377363324165344,0.35247328877449036,0.3524758219718933,1,3
