delta_margin_logit,delta_margin_prob,k_class_id,k_label,k_rank,l_class_id,l_label,l_rank,sample_idx,shared_only_margin_logit,shared_only_margin_prob,shared_plus_unique_margin_logit,shared_plus_unique_margin_prob
0.00012214481830596924,6.052851676940918e-05,1,Dog,0,0,Cat,1,0,0.18545837700366974,0.09246432781219482,0.1855805218219757,0.09252485632896423
-0.00012655556201934814,-6.273388862609863e-05,0,Cat,1,1,Dog,0,0,-0.18545837700366974,-0.09246432781219482,-0.1855849325656891,-0.09252706170082092
0.00046750903129577637,0.00023153424263000488,1,Dog,0,0,Cat,1,1,0.19619837403297424,0.09778571128845215,0.19666588306427002,0.09801724553108215
-0.00040496885776519775,-0.00020056962966918945,0,Cat,1,1,Dog,0,1,-0.19619837403297424,-0.09778571128845215,-0.19660334289073944,-0.09798628091812134
0.0003481358289718628,0.0001728832721710205,1,Dog,0,0,Cat,1,2,0.16645745933055878,0.08303707838058472,0.16680559515953064,0.08320996165275574
-0.00038351118564605713,-0.00019043684005737305,0,Cat,1,1,Dog,0,2,-0.16645745933055878,-0.08303707838058472,-0.16684097051620483,-0.08322751522064209
0.00018608570098876953,9.15825366973877e-05,1,Dog,0,0,Cat,1,3,0.2522777318954468,0.12547409534454346,0.25246381759643555,0.12556567788124084
-0.00018978118896484375,-9.340047836303711e-05,0,Cat,1,1,Dog,0,3,-0.2522777318954468,-0.12547409534454346,-0.2524675130844116,-0.1255674958229065
