class_id,delta,hypothesis_weight,label,p_full,p_shared_only,p_shared_plus_unique,rank,sample_idx
1,3.0279159545898438e-05,0.5,Dog,0.5463807582855225,0.5462321639060974,0.5462624430656433,0,0
0,-3.1381845474243164e-05,0.5,Cat,0.4536192715167999,0.4537678360939026,0.45373645424842834,1,0
1,0.0001157522201538086,0.5,Dog,0.5528036952018738,0.5488928556442261,0.5490086078643799,0,1
0,-0.00010031461715698242,0.5,Cat,0.44719627499580383,0.4511071443557739,0.45100682973861694,1,1
1,8.64267349243164e-05,0.5,Dog,0.5440155863761902,0.5415185689926147,0.5416049957275391,0,2
0,-9.524822235107422e-05,0.5,Cat,0.4559843838214874,0.45848149061203003,0.45838624238967896,1,2
1,4.57763671875e-05,0.5,Dog,0.5636606216430664,0.5627370476722717,0.5627828240394592,0,3
0,-4.673004150390625e-05,0.5,Cat,0.4363393187522888,0.43726295232772827,0.43721622228622437,1,3
