dataset,loss,margin,mass_dev,overlap,run_name,sparse,suff
cifar10,0.1759740114212036,-0.24935713410377502,0.023919200524687767,0.1663520187139511,contrastive_cifar10,0.9893864393234253,0.20396125316619873
