batch_idx,margin,method,overlap,sparse,suff
0,-0.06013623997569084,base_evidence,1.9547499418258667,1.0,0.1289067268371582
1,-0.07725133746862411,base_evidence,1.6146268844604492,1.0,0.15013447403907776
0,-0.05984211713075638,naive_contrastive,1.2383984327316284,1.0,0.1289627104997635
1,-0.07709544897079468,naive_contrastive,0.9791194200515747,1.0,0.150225430727005
0,-0.05978904291987419,optimized,0.06842215359210968,0.7787983417510986,0.12808364629745483
1,-0.07682712376117706,optimized,0.07676754146814346,0.7714189887046814,0.14942258596420288
