margin,method,overlap,sparse,suff
-0.33384324610233307,base_evidence,0.3757700175046921,1.0,0.08351623266935349
-0.3338218480348587,naive_contrastive,0.19242994487285614,1.0,0.08352101966738701
-0.33366385102272034,optimized,0.008700110018253326,1.001556009054184,0.08349785581231117
