batch_idx,margin,method,overlap,sparse,suff
0,-0.32926276326179504,base_evidence,0.36866846680641174,1.0,0.08032917231321335
1,-0.3384237289428711,base_evidence,0.3828715682029724,1.0,0.08670329302549362
0,-0.32923418283462524,naive_contrastive,0.19514593482017517,1.0,0.08034147322177887
1,-0.33840951323509216,naive_contrastive,0.1897139549255371,1.0,0.08670056611299515
0,-0.32909831404685974,optimized,0.009048864245414734,1.010454535484314,0.08032551407814026
1,-0.33822938799858093,optimized,0.008351355791091919,0.992657482624054,0.08667019754648209
