margin,method,overlap,sparse,suff
-1.0863877832889557e-06,base_evidence,0.03510911390185356,1.0,0.405961811542511
-8.174218237400055e-06,naive_contrastive,0.0,1.0,0.40595218539237976
5.024485290050507e-07,optimized,0.006129652727395296,1.0135478973388672,0.40595661103725433
