{
  "aggregates": {
    "base_evidence": {
      "margin": -0.06869378872215748,
      "overlap": 1.784688413143158,
      "sparse": 1.0,
      "suff": 0.13952060043811798
    },
    "naive_contrastive": {
      "margin": -0.06846878305077553,
      "overlap": 1.1087589263916016,
      "sparse": 1.0,
      "suff": 0.13959407061338425
    },
    "optimized": {
      "margin": -0.06830808334052563,
      "overlap": 0.07259484753012657,
      "sparse": 0.77510866522789,
      "suff": 0.13875311613082886
    }
  },
  "batch_size": 8,
  "dataset": "mnist",
  "evidence": "ig",
  "grid_h": 7,
  "grid_w": 7,
  "ig_steps": 8,
  "input_size": 224,
  "lambda_disjoint": 1.0,
  "lambda_mass": 2.0,
  "model": "resnet18",
  "num_images": 16,
  "pretrained": false,
  "run_name": "ablation_contrastive_mnist_ig"
}