batch_idx,margin,method,overlap,sparse,suff
0,-0.1814870834350586,base_evidence,0.4169861972332001,1.0,0.15330958366394043
1,-0.20681428909301758,base_evidence,0.40722161531448364,1.0,0.17804133892059326
0,-0.18144255876541138,naive_contrastive,0.24126140773296356,1.0,0.15332955121994019
1,-0.20679837465286255,naive_contrastive,0.243912473320961,1.0,0.17806033790111542
0,-0.18126143515110016,optimized,0.00897933542728424,0.9981215000152588,0.1532406061887741
1,-0.20679813623428345,optimized,0.009815558791160583,1.0083374977111816,0.17788806557655334
