batch_idx,margin,method,overlap,sparse,suff
0,6.817281246185303e-07,base_evidence,0.055441223084926605,1.0,-0.2591175436973572
1,-2.4139881134033203e-06,base_evidence,0.04655355587601662,1.0,-0.3438052535057068
0,-3.445148468017578e-05,naive_contrastive,0.0,1.0,-0.25911813974380493
1,-0.00011883676052093506,naive_contrastive,0.0,1.0,-0.34388017654418945
0,2.070888876914978e-05,optimized,0.039600979536771774,0.9926743507385254,-0.25906550884246826
1,2.942979335784912e-07,optimized,0.0390176922082901,0.986646294593811,-0.34376415610313416
