{
  "aggregates": {
    "base_evidence": {
      "margin": -0.33384324610233307,
      "overlap": 0.3757700175046921,
      "sparse": 1.0,
      "suff": 0.08351623266935349
    },
    "naive_contrastive": {
      "margin": -0.3338218480348587,
      "overlap": 0.19242994487285614,
      "sparse": 1.0,
      "suff": 0.08352101966738701
    },
    "optimized": {
      "margin": -0.33366385102272034,
      "overlap": 0.008700110018253326,
      "sparse": 1.001556009054184,
      "suff": 0.08349785581231117
    }
  },
  "batch_size": 8,
  "dataset": "cifar10",
  "evidence": "gradcam",
  "grid_h": 7,
  "grid_w": 7,
  "ig_steps": null,
  "input_size": 224,
  "lambda_disjoint": 1.0,
  "lambda_mass": 2.0,
  "model": "resnet18",
  "num_images": 16,
  "pretrained": false,
  "run_name": "ablation_contrastive_cifar10_gradcam"
}