margin,method,overlap,sparse,suff
-0.06869378872215748,base_evidence,1.784688413143158,1.0,0.13952060043811798
-0.06846878305077553,naive_contrastive,1.1087589263916016,1.0,0.13959407061338425
-0.06830808334052563,optimized,0.07259484753012657,0.77510866522789,0.13875311613082886
