{
  "aggregates": {
    "base_evidence": {
      "margin": -8.66129994392395e-07,
      "overlap": 0.05099738948047161,
      "sparse": 1.0,
      "suff": -0.301461398601532
    },
    "naive_contrastive": {
      "margin": -7.664412260055542e-05,
      "overlap": 0.0,
      "sparse": 1.0,
      "suff": -0.3014991581439972
    },
    "optimized": {
      "margin": 1.0501593351364136e-05,
      "overlap": 0.03930933587253094,
      "sparse": 0.9896603226661682,
      "suff": -0.3014148324728012
    }
  },
  "batch_size": 8,
  "dataset": "pets",
  "evidence": "ig",
  "grid_h": 7,
  "grid_w": 7,
  "ig_steps": 8,
  "input_size": 224,
  "lambda_disjoint": 1.0,
  "lambda_mass": 2.0,
  "model": "resnet18",
  "num_images": 16,
  "pretrained": false,
  "run_name": "ablation_contrastive_pets_ig"
}