{
  "aggregates": {
    "base_evidence": {
      "margin": -0.19415068626403809,
      "overlap": 0.41210390627384186,
      "sparse": 1.0,
      "suff": 0.16567546129226685
    },
    "naive_contrastive": {
      "margin": -0.19412046670913696,
      "overlap": 0.24258694052696228,
      "sparse": 1.0,
      "suff": 0.1656949445605278
    },
    "optimized": {
      "margin": -0.1940297856926918,
      "overlap": 0.009397447109222412,
      "sparse": 1.0032294988632202,
      "suff": 0.16556433588266373
    }
  },
  "batch_size": 8,
  "dataset": "mnist",
  "evidence": "gradcam",
  "grid_h": 7,
  "grid_w": 7,
  "ig_steps": null,
  "input_size": 224,
  "lambda_disjoint": 1.0,
  "lambda_mass": 2.0,
  "model": "resnet18",
  "num_images": 16,
  "pretrained": false,
  "run_name": "ablation_contrastive_mnist_gradcam"
}