margin,method,overlap,sparse,suff
-0.5201170146465302,base_evidence,0.5179084539413452,1.0,0.5761702656745911
-0.5200717449188232,naive_contrastive,0.30232028663158417,1.0,0.5761895775794983
-0.5199595093727112,optimized,0.06096378527581692,0.9006425142288208,0.5759494304656982
