margin,method,overlap,sparse,suff
-0.19415068626403809,base_evidence,0.41210390627384186,1.0,0.16567546129226685
-0.19412046670913696,naive_contrastive,0.24258694052696228,1.0,0.1656949445605278
-0.1940297856926918,optimized,0.009397447109222412,1.0032294988632202,0.16556433588266373
