batch_idx,margin,method,overlap,sparse,suff
0,-0.5034491419792175,base_evidence,0.5090115070343018,1.0,0.5593198537826538
1,-0.5367848873138428,base_evidence,0.5268054008483887,1.0,0.5930206775665283
0,-0.503372848033905,naive_contrastive,0.2967469096183777,1.0,0.5593640804290771
1,-0.5367706418037415,naive_contrastive,0.30789366364479065,1.0,0.5930150747299194
0,-0.5032534599304199,optimized,0.05580490455031395,0.9025216102600098,0.5591148138046265
1,-0.5366655588150024,optimized,0.06612266600131989,0.8987634181976318,0.59278404712677
