margin,method,overlap,sparse,suff
-8.66129994392395e-07,base_evidence,0.05099738948047161,1.0,-0.301461398601532
-7.664412260055542e-05,naive_contrastive,0.0,1.0,-0.3014991581439972
1.0501593351364136e-05,optimized,0.03930933587253094,0.9896603226661682,-0.3014148324728012
