{
  "rows": [
    {
      "base_margin": -0.19415068626403809,
      "base_overlap": 0.41210390627384186,
      "base_sparse": 1.0,
      "base_suff": 0.16567546129226685,
      "batch_size": 8.0,
      "dataset": "mnist",
      "evidence": "gradcam",
      "ig_steps": 0.0,
      "lambda_disjoint": 1.0,
      "lambda_mass": 2.0,
      "margin_change_vs_base_abs": 0.00012090057134628296,
      "model": "resnet18",
      "naive_margin": -0.19412046670913696,
      "naive_overlap": 0.24258694052696228,
      "naive_sparse": 1.0,
      "naive_suff": 0.1656949445605278,
      "num_images": 16.0,
      "opt_margin": -0.1940297856926918,
      "opt_overlap": 0.009397447109222412,
      "opt_sparse": 1.0032294988632202,
      "opt_suff": 0.16556433588266373,
      "overlap_red_vs_base_pct": 97.71964134138106,
      "overlap_red_vs_naive_pct": 96.12615292117181,
      "pretrained": false,
      "sparse_red_vs_base_pct": -0.3229498863220215,
      "suff_change_vs_base_abs": -0.0001111254096031189
    },
    {
      "base_margin": -0.06869378872215748,
      "base_overlap": 1.784688413143158,
      "base_sparse": 1.0,
      "base_suff": 0.13952060043811798,
      "batch_size": 8.0,
      "dataset": "mnist",
      "evidence": "ig",
      "ig_steps": 8.0,
      "lambda_disjoint": 1.0,
      "lambda_mass": 2.0,
      "margin_change_vs_base_abs": 0.0003857053816318512,
      "model": "resnet18",
      "naive_margin": -0.06846878305077553,
      "naive_overlap": 1.1087589263916016,
      "naive_sparse": 1.0,
      "naive_suff": 0.13959407061338425,
      "num_images": 16.0,
      "opt_margin": -0.06830808334052563,
      "opt_overlap": 0.07259484753012657,
      "opt_sparse": 0.77510866522789,
      "opt_suff": 0.13875311613082886,
      "overlap_red_vs_base_pct": 95.93235172058556,
      "overlap_red_vs_naive_pct": 93.45260310405051,
      "pretrained": false,
      "sparse_red_vs_base_pct": 22.489133477211,
      "suff_change_vs_base_abs": -0.0007674843072891235
    },
    {
      "base_margin": -0.33384324610233307,
      "base_overlap": 0.3757700175046921,
      "base_sparse": 1.0,
      "base_suff": 0.08351623266935349,
      "batch_size": 8.0,
      "dataset": "cifar10",
      "evidence": "gradcam",
      "ig_steps": 0.0,
      "lambda_disjoint": 1.0,
      "lambda_mass": 2.0,
      "margin_change_vs_base_abs": 0.00017939507961273193,
      "model": "resnet18",
      "naive_margin": -0.3338218480348587,
      "naive_overlap": 0.19242994487285614,
      "naive_sparse": 1.0,
      "naive_suff": 0.08352101966738701,
      "num_images": 16.0,
      "opt_margin": -0.33366385102272034,
      "opt_overlap": 0.008700110018253326,
      "opt_sparse": 1.001556009054184,
      "opt_suff": 0.08349785581231117,
      "overlap_red_vs_base_pct": 97.68472480161495,
      "overlap_red_vs_naive_pct": 95.47881696686981,
      "pretrained": false,
      "sparse_red_vs_base_pct": -0.155600905418396,
      "suff_change_vs_base_abs": -1.8376857042312622e-05
    },
    {
      "base_margin": -0.5201170146465302,
      "base_overlap": 0.5179084539413452,
      "base_sparse": 1.0,
      "base_suff": 0.5761702656745911,
      "batch_size": 8.0,
      "dataset": "cifar10",
      "evidence": "ig",
      "ig_steps": 8.0,
      "lambda_disjoint": 1.0,
      "lambda_mass": 2.0,
      "margin_change_vs_base_abs": 0.00015750527381896973,
      "model": "resnet18",
      "naive_margin": -0.5200717449188232,
      "naive_overlap": 0.30232028663158417,
      "naive_sparse": 1.0,
      "naive_suff": 0.5761895775794983,
      "num_images": 16.0,
      "opt_margin": -0.5199595093727112,
      "opt_overlap": 0.06096378527581692,
      "opt_sparse": 0.9006425142288208,
      "opt_suff": 0.5759494304656982,
      "overlap_red_vs_base_pct": 88.22884916979531,
      "overlap_red_vs_naive_pct": 79.83470247562015,
      "pretrained": false,
      "sparse_red_vs_base_pct": 9.93574857711792,
      "suff_change_vs_base_abs": -0.00022083520889282227
    },
    {
      "base_margin": -1.0863877832889557e-06,
      "base_overlap": 0.03510911390185356,
      "base_sparse": 1.0,
      "base_suff": 0.405961811542511,
      "batch_size": 8.0,
      "dataset": "pets",
      "evidence": "gradcam",
      "ig_steps": 0.0,
      "lambda_disjoint": 1.0,
      "lambda_mass": 2.0,
      "margin_change_vs_base_abs": 1.5888363122940063e-06,
      "model": "resnet18",
      "naive_margin": -8.174218237400055e-06,
      "naive_overlap": 0.0,
      "naive_sparse": 1.0,
      "naive_suff": 0.40595218539237976,
      "num_images": 16.0,
      "opt_margin": 5.024485290050507e-07,
      "opt_overlap": 0.006129652727395296,
      "opt_sparse": 1.0135478973388672,
      "opt_suff": 0.40595661103725433,
      "overlap_red_vs_base_pct": 82.54113520343877,
      "overlap_red_vs_naive_pct": null,
      "pretrained": false,
      "sparse_red_vs_base_pct": -1.3547897338867188,
      "suff_change_vs_base_abs": -5.200505256652832e-06
    },
    {
      "base_margin": -8.66129994392395e-07,
      "base_overlap": 0.05099738948047161,
      "base_sparse": 1.0,
      "base_suff": -0.301461398601532,
      "batch_size": 8.0,
      "dataset": "pets",
      "evidence": "ig",
      "ig_steps": 8.0,
      "lambda_disjoint": 1.0,
      "lambda_mass": 2.0,
      "margin_change_vs_base_abs": 1.136772334575653e-05,
      "model": "resnet18",
      "naive_margin": -7.664412260055542e-05,
      "naive_overlap": 0.0,
      "naive_sparse": 1.0,
      "naive_suff": -0.3014991581439972,
      "num_images": 16.0,
      "opt_margin": 1.0501593351364136e-05,
      "opt_overlap": 0.03930933587253094,
      "opt_sparse": 0.9896603226661682,
      "opt_suff": -0.3014148324728012,
      "overlap_red_vs_base_pct": 22.918925315611244,
      "overlap_red_vs_naive_pct": null,
      "pretrained": false,
      "sparse_red_vs_base_pct": 1.0339677333831787,
      "suff_change_vs_base_abs": 4.6566128730773926e-05
    }
  ]
}