base_margin,base_overlap,base_sparse,base_suff,batch_size,dataset,evidence,ig_steps,lambda_disjoint,lambda_mass,margin_change_vs_base_abs,model,naive_margin,naive_overlap,naive_sparse,naive_suff,num_images,opt_margin,opt_overlap,opt_sparse,opt_suff,overlap_red_vs_base_pct,overlap_red_vs_naive_pct,pretrained,sparse_red_vs_base_pct,suff_change_vs_base_abs
-0.19415068626403809,0.41210390627384186,1.0,0.16567546129226685,8.0,mnist,gradcam,0.0,1.0,2.0,0.00012090057134628296,resnet18,-0.19412046670913696,0.24258694052696228,1.0,0.1656949445605278,16.0,-0.1940297856926918,0.009397447109222412,1.0032294988632202,0.16556433588266373,97.71964134138106,96.12615292117181,False,-0.3229498863220215,-0.0001111254096031189
-0.06869378872215748,1.784688413143158,1.0,0.13952060043811798,8.0,mnist,ig,8.0,1.0,2.0,0.0003857053816318512,resnet18,-0.06846878305077553,1.1087589263916016,1.0,0.13959407061338425,16.0,-0.06830808334052563,0.07259484753012657,0.77510866522789,0.13875311613082886,95.93235172058556,93.45260310405051,False,22.489133477211,-0.0007674843072891235
-0.33384324610233307,0.3757700175046921,1.0,0.08351623266935349,8.0,cifar10,gradcam,0.0,1.0,2.0,0.00017939507961273193,resnet18,-0.3338218480348587,0.19242994487285614,1.0,0.08352101966738701,16.0,-0.33366385102272034,0.008700110018253326,1.001556009054184,0.08349785581231117,97.68472480161495,95.47881696686981,False,-0.155600905418396,-1.8376857042312622e-05
-0.5201170146465302,0.5179084539413452,1.0,0.5761702656745911,8.0,cifar10,ig,8.0,1.0,2.0,0.00015750527381896973,resnet18,-0.5200717449188232,0.30232028663158417,1.0,0.5761895775794983,16.0,-0.5199595093727112,0.06096378527581692,0.9006425142288208,0.5759494304656982,88.22884916979531,79.83470247562015,False,9.93574857711792,-0.00022083520889282227
-1.0863877832889557e-06,0.03510911390185356,1.0,0.405961811542511,8.0,pets,gradcam,0.0,1.0,2.0,1.5888363122940063e-06,resnet18,-8.174218237400055e-06,0.0,1.0,0.40595218539237976,16.0,5.024485290050507e-07,0.006129652727395296,1.0135478973388672,0.40595661103725433,82.54113520343877,,False,-1.3547897338867188,-5.200505256652832e-06
-8.66129994392395e-07,0.05099738948047161,1.0,-0.301461398601532,8.0,pets,ig,8.0,1.0,2.0,1.136772334575653e-05,resnet18,-7.664412260055542e-05,0.0,1.0,-0.3014991581439972,16.0,1.0501593351364136e-05,0.03930933587253094,0.9896603226661682,-0.3014148324728012,22.918925315611244,,False,1.0339677333831787,4.6566128730773926e-05
