batch_idx,disjoint,id_ood_gap,loss,rob_mean,rob_var,sho_gap,sparse
0,0.03598741441965103,0.001147957518696785,0.045124124735593796,7.846702828828711e-06,2.391171427529315e-10,6.209127604961395e-06,0.7588139772415161
1,0.03598741441965103,-0.00030494946986436844,0.04512574523687363,2.781549937935779e-06,1.0813803325016025e-10,9.657815098762512e-06,0.7588139772415161
