batch_idx,disjoint,id_ood_gap,loss,rob_mean,rob_var,sho_gap,sparse
0,0.03598741441965103,0.0002692257985472679,0.05228403955698013,2.8378017304930836e-05,1.0636179714751393e-09,1.5497207641601562e-05,0.7588139772415161
1,0.03598741441965103,-0.0005641289753839374,0.05241528898477554,-3.4508611861383542e-06,1.1509863062642012e-09,-5.078129470348358e-05,0.7588139772415161
