disjoint,id_ood_gap,loss,rob_mean,rob_var,run_name,sho_gap,sparse
0.03598741441965103,-0.0025973411684390157,0.04511418007314205,3.833222763205413e-05,1.7274943975298385e-09,robust_shortcut_smoke,-1.432944554835558e-05,0.7588139772415161
