{
  "batch_size": 4,
  "game_config": {
    "lambda_disjoint": 0.2,
    "lambda_gap": 1.0,
    "lambda_mean": 1.0,
    "lambda_sparse": 0.05,
    "lambda_var": 0.5
  },
  "game_mode": "mixed",
  "id_ood_gap": 0.00042150402441620827,
  "num_images": 8,
  "num_steps": 2,
  "run_name": "robust_shortcut_postfix",
  "scalar_metrics": {
    "disjoint": 0.03598741441965103,
    "loss": 0.04512493498623371,
    "rob_mean": 5.314126383382245e-06,
    "rob_var": 1.7362758800154587e-10,
    "sho_gap": 7.933471351861954e-06,
    "sparse": 0.7588139772415161
  }
}