batch_idx,disjoint,id_ood_gap,loss,rob_mean,rob_var,sho_gap,sho_mean,sparse
0,0.03619203343987465,-0.0021852636709809303,0.03804794326424599,-3.864368409267627e-06,8.346413560289534e-10,3.445148468017578e-05,-3.864368409267627e-06,0.7608041763305664
1,0.036931753158569336,-0.0021812804043293,0.03834972530603409,-1.1771916206271271e-06,3.1756830498608224e-10,-5.425885319709778e-06,-1.1771916206271271e-06,0.7669473886489868
